Customer_ID,Best_Offer
Customer_708,1.1111111111111112
Customer_47,1.3333333333333333
Customer_3995,1.2222222222222223
Customer_1513,1.0
Customer_3686,1.0
Customer_2835,0.8888888888888888
Customer_2492,0.4444444444444444
Customer_4192,1.2222222222222223
Customer_6865,0.6666666666666666
Customer_6354,1.1111111111111112
Customer_1010,0.8888888888888888
Customer_2707,0.7777777777777778
Customer_4304,1.7777777777777777
Customer_3126,0.6666666666666666
Customer_7716,1.2222222222222223
Customer_4373,1.6666666666666667
Customer_1002,0.7777777777777778
Customer_315,0.4444444444444444
Customer_8052,0.5555555555555556
Customer_9079,1.5555555555555556
Customer_6848,0.6666666666666666
Customer_1496,2.0
Customer_3601,1.6666666666666667
Customer_6375,1.2222222222222223
Customer_965,1.1111111111111112
Customer_2389,1.4444444444444444
Customer_2862,1.2222222222222223
Customer_4326,0.2222222222222222
Customer_3891,1.0
Customer_2221,2.2222222222222223
Customer_8919,1.0
Customer_3352,0.5555555555555556
Customer_1691,1.0
Customer_93,1.4444444444444444
Customer_6657,0.8888888888888888
Customer_1728,0.3333333333333333
Customer_2698,0.7777777777777778
Customer_6686,0.7777777777777778
Customer_2865,1.6666666666666667
Customer_5100,1.1111111111111112
Customer_4085,0.5555555555555556
Customer_3755,1.1111111111111112
Customer_9100,1.6666666666666667
Customer_8365,1.5555555555555556
Customer_1180,0.7777777777777778
Customer_8905,0.5555555555555556
Customer_1175,0.5555555555555556
Customer_653,1.6666666666666667
Customer_6523,1.4444444444444444
Customer_2439,1.6666666666666667
Customer_5521,0.3333333333333333
Customer_3346,0.6666666666666666
Customer_5992,0.4444444444444444
Customer_6946,1.1111111111111112
Customer_8376,1.2222222222222223
Customer_9080,0.7777777777777778
Customer_7847,1.0
Customer_5723,0.6666666666666666
Customer_7945,0.8888888888888888
Customer_447,1.1111111111111112
Customer_2812,1.0
Customer_7613,0.7777777777777778
Customer_5349,0.7777777777777778
Customer_7695,1.0
Customer_5362,1.5555555555555556
Customer_4301,0.8888888888888888
Customer_5969,1.6666666666666667
Customer_620,1.0
Customer_248,1.4444444444444444
Customer_1501,1.1111111111111112
Customer_3433,0.5555555555555556
Customer_7370,1.3333333333333333
Customer_4471,0.8888888888888888
Customer_2344,1.5555555555555556
Customer_3749,0.5555555555555556
Customer_7963,1.3333333333333333
Customer_7622,1.0
Customer_7213,1.5555555555555556
Customer_4169,1.2222222222222223
Customer_2777,1.0
Customer_1153,0.6666666666666666
Customer_6220,0.8888888888888888
Customer_8539,0.3333333333333333
Customer_3532,1.4444444444444444
Customer_4836,1.0
Customer_4791,1.2222222222222223
Customer_8535,1.4444444444444444
Customer_6401,1.8888888888888888
Customer_5107,1.2222222222222223
Customer_6339,1.4444444444444444
Customer_8431,1.3333333333333333
Customer_4581,1.0
Customer_4119,1.5555555555555556
Customer_8588,1.0
Customer_2166,0.8888888888888888
Customer_318,0.7777777777777778
Customer_4329,0.5555555555555556
Customer_5564,1.2222222222222223
Customer_4686,1.0
Customer_511,1.0
Customer_4511,1.2222222222222223
Customer_7765,2.0
Customer_6312,1.2222222222222223
Customer_4663,1.5555555555555556
Customer_8479,1.8888888888888888
Customer_6087,0.6666666666666666
Customer_2680,0.2222222222222222
Customer_7549,1.1111111111111112
Customer_7720,0.3333333333333333
Customer_1488,0.7777777777777778
Customer_7292,1.4444444444444444
Customer_3518,0.7777777777777778
Customer_5193,0.5555555555555556
Customer_5613,1.6666666666666667
Customer_6916,0.7777777777777778
Customer_8708,0.8888888888888888
Customer_5209,1.3333333333333333
Customer_2651,1.1111111111111112
Customer_8665,1.2222222222222223
Customer_2499,1.3333333333333333
Customer_7925,0.8888888888888888
Customer_8083,0.7777777777777778
Customer_3204,0.5555555555555556
Customer_2999,0.6666666666666666
Customer_8727,0.3333333333333333
Customer_8099,0.4444444444444444
Customer_7918,0.4444444444444444
Customer_2944,0.7777777777777778
Customer_6051,0.7777777777777778
Customer_4467,1.1111111111111112
Customer_7740,1.0
Customer_5034,1.5555555555555556
Customer_9035,1.1111111111111112
Customer_95,0.8888888888888888
Customer_5953,1.6666666666666667
Customer_8532,0.6666666666666666
Customer_4480,2.111111111111111
Customer_2884,1.1111111111111112
Customer_1851,1.6666666666666667
Customer_1183,0.3333333333333333
Customer_4317,1.0
Customer_2954,2.111111111111111
Customer_8039,1.4444444444444444
Customer_1527,1.3333333333333333
Customer_119,0.6666666666666666
Customer_4415,1.4444444444444444
Customer_8250,1.0
Customer_8358,0.1111111111111111
Customer_1922,1.4444444444444444
Customer_2650,1.3333333333333333
Customer_5741,1.2222222222222223
Customer_1402,1.0
Customer_1406,1.0
Customer_8858,1.3333333333333333
Customer_5171,1.2222222222222223
Customer_647,1.6666666666666667
Customer_7844,1.4444444444444444
Customer_3017,1.4444444444444444
Customer_2984,1.3333333333333333
Customer_267,1.4444444444444444
Customer_4879,1.3333333333333333
Customer_80,1.8888888888888888
Customer_6692,0.8888888888888888
Customer_8816,1.0
Customer_5653,1.2222222222222223
Customer_2922,0.7777777777777778
Customer_3616,0.8888888888888888
Customer_4602,1.3333333333333333
Customer_7470,0.8888888888888888
Customer_6498,2.111111111111111
Customer_3533,1.0
Customer_6512,1.4444444444444444
Customer_3469,0.3333333333333333
Customer_3397,1.1111111111111112
Customer_3680,1.0
Customer_6448,1.4444444444444444
Customer_457,0.8888888888888888
Customer_3172,1.1111111111111112
Customer_7909,1.4444444444444444
Customer_7751,1.2222222222222223
Customer_3666,0.8888888888888888
Customer_4586,0.5555555555555556
Customer_6152,0.5555555555555556
Customer_2067,1.1111111111111112
Customer_4421,0.6666666666666666
Customer_1413,0.8888888888888888
Customer_3931,1.3333333333333333
Customer_8500,0.7777777777777778
Customer_7468,1.2222222222222223
Customer_3837,0.7777777777777778
Customer_7843,0.5555555555555556
Customer_7000,0.5555555555555556
Customer_6062,0.5555555555555556
Customer_1188,1.8888888888888888
Customer_8092,1.1111111111111112
Customer_6361,0.6666666666666666
Customer_4512,0.2222222222222222
Customer_563,1.4444444444444444
Customer_169,0.6666666666666666
Customer_908,1.3333333333333333
Customer_5336,0.7777777777777778
Customer_8219,1.3333333333333333
Customer_360,0.7777777777777778
Customer_3297,0.5555555555555556
Customer_6695,0.1111111111111111
Customer_2354,2.111111111111111
Customer_8778,0.6666666666666666
Customer_1945,1.2222222222222223
Customer_286,1.6666666666666667
Customer_6383,0.7777777777777778
Customer_3708,1.4444444444444444
Customer_3887,0.5555555555555556
Customer_7061,1.2222222222222223
Customer_88,1.6666666666666667
Customer_6847,1.1111111111111112
Customer_6653,0.4444444444444444
Customer_4296,0.5555555555555556
Customer_330,1.1111111111111112
Customer_6249,1.2222222222222223
Customer_5770,1.0
Customer_8021,1.7777777777777777
Customer_7104,1.1111111111111112
Customer_743,1.6666666666666667
Customer_1614,0.3333333333333333
Customer_1550,0.2222222222222222
Customer_7985,0.7777777777777778
Customer_1068,1.3333333333333333
Customer_1452,1.3333333333333333
Customer_1729,0.8888888888888888
Customer_1608,0.6666666666666666
Customer_6663,1.8888888888888888
Customer_1372,1.5555555555555556
Customer_7626,1.1111111111111112
Customer_5430,0.2222222222222222
Customer_5382,1.1111111111111112
Customer_6491,0.8888888888888888
Customer_8071,1.0
Customer_6363,0.3333333333333333
Customer_3658,0.4444444444444444
Customer_2022,0.8888888888888888
Customer_3024,1.0
Customer_2728,1.3333333333333333
Customer_6751,0.5555555555555556
Customer_2498,0.8888888888888888
Customer_8168,1.3333333333333333
Customer_76,1.4444444444444444
Customer_4919,1.1111111111111112
Customer_2239,0.6666666666666666
Customer_7505,1.0
Customer_2582,1.0
Customer_2228,1.5555555555555556
Customer_3312,1.1111111111111112
Customer_4787,1.0
Customer_3870,1.2222222222222223
Customer_2150,1.1111111111111112
Customer_736,0.8888888888888888
Customer_2167,0.3333333333333333
Customer_2132,1.6666666666666667
Customer_2770,0.7777777777777778
Customer_4464,1.4444444444444444
Customer_4634,1.0
Customer_474,0.4444444444444444
Customer_1915,1.2222222222222223
Customer_1483,0.5555555555555556
Customer_8757,1.0
Customer_2215,1.3333333333333333
Customer_5246,0.5555555555555556
Customer_761,0.4444444444444444
Customer_5682,1.0
Customer_7864,1.6666666666666667
Customer_8374,0.4444444444444444
Customer_4407,1.2222222222222223
Customer_6108,0.7777777777777778
Customer_6193,0.7777777777777778
Customer_5114,0.6666666666666666
Customer_8634,1.7777777777777777
Customer_4982,1.2222222222222223
Customer_265,1.4444444444444444
Customer_4217,1.5555555555555556
Customer_3437,0.7777777777777778
Customer_5418,0.8888888888888888
Customer_7741,1.1111111111111112
Customer_1770,0.8888888888888888
Customer_4038,0.3333333333333333
Customer_1720,1.5555555555555556
Customer_8697,1.6666666666666667
Customer_5705,1.1111111111111112
Customer_582,1.4444444444444444
Customer_5317,1.2222222222222223
Customer_5098,0.2222222222222222
Customer_4098,0.7777777777777778
Customer_1747,1.7777777777777777
Customer_7356,0.6666666666666666
Customer_1349,1.3333333333333333
Customer_1145,0.8888888888888888
Customer_1962,1.1111111111111112
Customer_6348,2.0
Customer_6516,1.4444444444444444
Customer_1076,1.3333333333333333
Customer_6219,1.2222222222222223
Customer_3429,0.2222222222222222
Customer_733,0.7777777777777778
Customer_2858,1.5555555555555556
Customer_3148,0.8888888888888888
Customer_8939,0.4444444444444444
Customer_4715,1.4444444444444444
Customer_8255,0.3333333333333333
Customer_6580,0.8888888888888888
Customer_927,0.6666666666666666
Customer_8966,1.3333333333333333
Customer_5096,0.3333333333333333
Customer_2549,0.2222222222222222
Customer_7755,1.2222222222222223
Customer_8983,0.5555555555555556
Customer_3044,0.5555555555555556
Customer_8859,0.6666666666666666
Customer_1018,1.3333333333333333
Customer_1414,1.6666666666666667
Customer_5597,1.0
Customer_7447,0.7777777777777778
Customer_4701,0.6666666666666666
Customer_9132,1.2222222222222223
Customer_2982,0.2222222222222222
Customer_4766,2.0
Customer_2766,0.5555555555555556
Customer_4844,1.0
Customer_3122,1.0
Customer_8220,0.5555555555555556
Customer_1313,1.3333333333333333
Customer_2576,0.7777777777777778
Customer_8876,1.0
Customer_5152,0.8888888888888888
Customer_5353,1.2222222222222223
Customer_7677,1.3333333333333333
Customer_4934,1.1111111111111112
Customer_5059,0.8888888888888888
Customer_7185,0.7777777777777778
Customer_6360,1.1111111111111112
Customer_1603,1.5555555555555556
Customer_3063,0.8888888888888888
Customer_5388,0.7777777777777778
Customer_8843,0.0
Customer_828,1.2222222222222223
Customer_106,1.4444444444444444
Customer_6242,0.8888888888888888
Customer_1417,1.4444444444444444
Customer_6885,1.7777777777777777
Customer_9001,0.5555555555555556
Customer_4353,1.0
Customer_592,0.8888888888888888
Customer_7700,1.2222222222222223
Customer_7296,1.4444444444444444
Customer_7890,0.3333333333333333
Customer_2641,1.0
Customer_3130,0.6666666666666666
Customer_3960,0.8888888888888888
Customer_212,1.3333333333333333
Customer_8206,1.0
Customer_700,1.1111111111111112
Customer_1662,1.8888888888888888
Customer_4983,1.1111111111111112
Customer_7990,0.4444444444444444
Customer_4441,1.3333333333333333
Customer_8660,1.1111111111111112
Customer_1263,1.2222222222222223
Customer_3272,0.1111111111111111
Customer_1543,1.5555555555555556
Customer_6622,0.4444444444444444
Customer_4709,0.8888888888888888
Customer_4692,1.4444444444444444
Customer_107,0.8888888888888888
Customer_8940,1.2222222222222223
Customer_4269,0.6666666666666666
Customer_5584,1.3333333333333333
Customer_2881,1.7777777777777777
Customer_7460,1.2222222222222223
Customer_6394,1.5555555555555556
Customer_2260,0.7777777777777778
Customer_1090,1.7777777777777777
Customer_3916,1.3333333333333333
Customer_8256,0.7777777777777778
Customer_1745,1.4444444444444444
Customer_5140,1.3333333333333333
Customer_9027,0.8888888888888888
Customer_1557,1.0
Customer_1934,0.8888888888888888
Customer_4747,1.3333333333333333
Customer_4794,1.4444444444444444
Customer_8183,0.4444444444444444
Customer_3836,1.1111111111111112
Customer_624,0.5555555555555556
Customer_239,0.8888888888888888
Customer_1472,0.5555555555555556
Customer_9098,0.8888888888888888
Customer_4338,0.2222222222222222
Customer_222,1.3333333333333333
Customer_940,1.6666666666666667
Customer_5781,0.5555555555555556
Customer_2678,1.2222222222222223
Customer_2833,0.8888888888888888
Customer_1253,1.0
Customer_1393,1.6666666666666667
Customer_1034,2.5555555555555554
Customer_7340,0.7777777777777778
Customer_131,1.2222222222222223
Customer_8203,1.6666666666666667
Customer_2227,0.5555555555555556
Customer_2533,1.1111111111111112
Customer_5955,0.8888888888888888
Customer_2864,0.4444444444444444
Customer_7420,1.3333333333333333
Customer_2726,1.2222222222222223
Customer_1512,1.5555555555555556
Customer_6518,1.0
Customer_3626,0.8888888888888888
Customer_4990,1.3333333333333333
Customer_7178,0.8888888888888888
Customer_8855,0.4444444444444444
Customer_5019,2.3333333333333335
Customer_7922,0.4444444444444444
Customer_6255,1.6666666666666667
Customer_8481,1.5555555555555556
Customer_3971,1.1111111111111112
Customer_623,1.3333333333333333
Customer_5032,0.7777777777777778
Customer_2870,0.4444444444444444
Customer_1314,0.5555555555555556
Customer_6705,0.6666666666666666
Customer_5552,0.4444444444444444
Customer_4707,1.5555555555555556
Customer_1055,1.3333333333333333
Customer_2684,1.2222222222222223
Customer_5862,1.2222222222222223
Customer_9123,0.6666666666666666
Customer_5522,1.0
Customer_5749,0.5555555555555556
Customer_1593,0.6666666666666666
Customer_92,1.5555555555555556
Customer_4302,1.0
Customer_1322,0.7777777777777778
Customer_1022,1.2222222222222223
Customer_5011,1.4444444444444444
Customer_8740,0.6666666666666666
Customer_7281,1.0
Customer_6110,0.5555555555555556
Customer_7853,0.1111111111111111
Customer_9109,0.8888888888888888
Customer_7611,1.2222222222222223
Customer_6574,1.4444444444444444
Customer_2860,1.3333333333333333
Customer_4446,0.0
Customer_3880,1.3333333333333333
Customer_6169,1.0
Customer_3693,1.2222222222222223
Customer_6897,0.5555555555555556
Customer_4385,0.0
Customer_3855,1.4444444444444444
Customer_1954,1.0
Customer_2246,1.0
Customer_5970,1.2222222222222223
Customer_3934,0.8888888888888888
Customer_1981,0.5555555555555556
Customer_7236,1.6666666666666667
Customer_6589,1.2222222222222223
Customer_2098,0.1111111111111111
Customer_567,0.7777777777777778
Customer_8068,2.0
Customer_2926,1.1111111111111112
Customer_1790,1.6666666666666667
Customer_6723,1.5555555555555556
Customer_1746,1.3333333333333333
Customer_4687,0.8888888888888888
Customer_4721,0.8888888888888888
Customer_3481,0.7777777777777778
Customer_5436,1.0
Customer_5762,1.2222222222222223
Customer_2729,1.0
Customer_2164,1.0
Customer_4694,0.8888888888888888
Customer_2404,1.6666666666666667
Customer_6181,1.3333333333333333
Customer_4695,1.3333333333333333
Customer_3412,1.0
Customer_2251,1.5555555555555556
Customer_321,1.0
Customer_6566,1.5555555555555556
Customer_4708,0.6666666666666666
Customer_554,0.7777777777777778
Customer_8925,1.5555555555555556
Customer_5894,1.3333333333333333
Customer_7873,0.4444444444444444
Customer_3027,0.8888888888888888
Customer_1162,0.5555555555555556
Customer_6693,0.7777777777777778
Customer_1803,1.3333333333333333
Customer_3307,1.1111111111111112
Customer_4128,0.6666666666666666
Customer_5809,1.4444444444444444
Customer_8914,0.1111111111111111
Customer_509,1.1111111111111112
Customer_3256,0.8888888888888888
Customer_5045,1.2222222222222223
Customer_2754,1.1111111111111112
Customer_518,0.6666666666666666
Customer_1862,1.3333333333333333
Customer_6112,1.0
Customer_2818,1.4444444444444444
Customer_2517,0.8888888888888888
Customer_7212,1.6666666666666667
Customer_7224,0.8888888888888888
Customer_8947,0.5555555555555556
Customer_3208,1.4444444444444444
Customer_6123,0.8888888888888888
Customer_1793,0.3333333333333333
Customer_8044,0.8888888888888888
Customer_2483,1.0
Customer_3016,1.0
Customer_2302,1.1111111111111112
Customer_8382,0.8888888888888888
Customer_4951,1.0
Customer_8499,1.3333333333333333
Customer_14,1.0
Customer_5709,0.5555555555555556
Customer_866,1.4444444444444444
Customer_2407,1.6666666666666667
Customer_1087,0.7777777777777778
Customer_4299,0.5555555555555556
Customer_8246,0.5555555555555556
Customer_8214,1.0
Customer_6961,1.2222222222222223
Customer_3527,1.4444444444444444
Customer_6495,1.0
Customer_6840,0.5555555555555556
Customer_2748,1.0
Customer_6299,1.5555555555555556
Customer_6065,0.7777777777777778
Customer_5888,0.4444444444444444
Customer_3790,1.2222222222222223
Customer_2760,1.6666666666666667
Customer_1780,1.2222222222222223
Customer_765,1.3333333333333333
Customer_4029,1.0
Customer_8233,1.1111111111111112
Customer_5111,1.0
Customer_1558,1.1111111111111112
Customer_7974,0.2222222222222222
Customer_711,0.6666666666666666
Customer_2795,1.1111111111111112
Customer_6321,0.4444444444444444
Customer_586,0.8888888888888888
Customer_7199,1.3333333333333333
Customer_4222,1.2222222222222223
Customer_6478,1.1111111111111112
Customer_5925,1.1111111111111112
Customer_2995,1.4444444444444444
Customer_4313,0.8888888888888888
Customer_3254,0.5555555555555556
Customer_8982,0.8888888888888888
Customer_4156,1.1111111111111112
Customer_9127,1.2222222222222223
Customer_7193,1.2222222222222223
Customer_8849,0.5555555555555556
Customer_7557,1.1111111111111112
Customer_7227,0.3333333333333333
Customer_4427,1.5555555555555556
Customer_4252,1.5555555555555556
Customer_5700,1.2222222222222223
Customer_2157,0.4444444444444444
Customer_1038,0.6666666666666666
Customer_3383,0.6666666666666666
Customer_5304,1.7777777777777777
Customer_2521,1.1111111111111112
Customer_3400,1.7777777777777777
Customer_6774,0.8888888888888888
Customer_3286,1.6666666666666667
Customer_7394,1.1111111111111112
Customer_1791,1.4444444444444444
Customer_763,0.7777777777777778
Customer_2213,0.7777777777777778
Customer_6841,1.0
Customer_764,1.1111111111111112
Customer_1297,0.7777777777777778
Customer_3869,1.0
Customer_8955,1.1111111111111112
Customer_2874,1.1111111111111112
Customer_1616,1.2222222222222223
Customer_5558,0.6666666666666666
Customer_4730,0.4444444444444444
Customer_747,0.5555555555555556
Customer_2921,1.0
Customer_9006,0.5555555555555556
Customer_5867,0.8888888888888888
Customer_1195,1.5555555555555556
Customer_3784,1.1111111111111112
Customer_3704,1.0
Customer_1684,1.5555555555555556
Customer_2321,1.3333333333333333
Customer_8741,1.0
Customer_4450,1.4444444444444444
Customer_2420,1.1111111111111112
Customer_8403,1.1111111111111112
Customer_7247,1.1111111111111112
Customer_6085,1.4444444444444444
Customer_7105,0.6666666666666666
Customer_2648,1.6666666666666667
Customer_1318,1.5555555555555556
Customer_7371,0.6666666666666666
Customer_8490,1.5555555555555556
Customer_221,1.1111111111111112
Customer_1430,0.8888888888888888
Customer_7103,1.5555555555555556
Customer_7878,0.4444444444444444
Customer_6517,0.8888888888888888
Customer_8067,0.8888888888888888
Customer_4775,0.6666666666666666
Customer_7542,2.0
Customer_5199,1.3333333333333333
Customer_6014,0.6666666666666666
Customer_5595,1.2222222222222223
Customer_6796,0.8888888888888888
Customer_6725,1.2222222222222223
Customer_8577,0.8888888888888888
Customer_2706,1.0
Customer_5731,0.5555555555555556
Customer_4347,1.1111111111111112
Customer_465,1.2222222222222223
Customer_4502,0.4444444444444444
Customer_4284,1.4444444444444444
Customer_5531,0.5555555555555556
Customer_730,1.3333333333333333
Customer_7680,1.8888888888888888
Customer_8397,0.8888888888888888
Customer_1084,0.8888888888888888
Customer_7367,1.0
Customer_5020,0.6666666666666666
Customer_7865,0.5555555555555556
Customer_7144,1.2222222222222223
Customer_3767,0.4444444444444444
Customer_4509,0.2222222222222222
Customer_1147,1.1111111111111112
Customer_7559,0.8888888888888888
Customer_8544,0.3333333333333333
Customer_7895,1.7777777777777777
Customer_5074,1.3333333333333333
Customer_4397,0.4444444444444444
Customer_3946,1.6666666666666667
Customer_8398,1.0
Customer_2115,1.6666666666666667
Customer_8670,1.3333333333333333
Customer_304,1.4444444444444444
Customer_5168,0.3333333333333333
Customer_6564,1.1111111111111112
Customer_8213,1.3333333333333333
Customer_6520,1.5555555555555556
Customer_2628,1.2222222222222223
Customer_8590,1.5555555555555556
Customer_5910,0.8888888888888888
Customer_3050,1.1111111111111112
Customer_1963,1.0
Customer_1817,0.8888888888888888
Customer_994,0.3333333333333333
Customer_668,0.5555555555555556
Customer_5284,0.7777777777777778
Customer_5196,0.8888888888888888
Customer_3480,1.1111111111111112
Customer_7650,1.2222222222222223
Customer_6500,1.0
Customer_7812,1.0
Customer_1199,1.2222222222222223
Customer_4993,1.0
Customer_2691,1.5555555555555556
Customer_211,0.0
Customer_856,0.6666666666666666
Customer_5428,1.1111111111111112
Customer_5587,1.1111111111111112
Customer_4580,0.4444444444444444
Customer_5528,0.6666666666666666
Customer_5339,1.0
Customer_3608,0.8888888888888888
Customer_7384,1.1111111111111112
Customer_7582,0.3333333333333333
Customer_4537,0.0
Customer_8345,0.8888888888888888
Customer_4568,0.7777777777777778
Customer_8869,1.1111111111111112
Customer_6989,1.6666666666666667
Customer_7397,1.3333333333333333
Customer_7283,0.3333333333333333
Customer_12,0.2222222222222222
Customer_6074,1.6666666666666667
Customer_9095,1.1111111111111112
Customer_2513,0.6666666666666666
Customer_8326,1.6666666666666667
Customer_5654,1.3333333333333333
Customer_6759,0.6666666666666666
Customer_4883,1.4444444444444444
Customer_6832,1.1111111111111112
Customer_1315,0.7777777777777778
Customer_37,1.2222222222222223
Customer_7337,0.5555555555555556
Customer_932,1.5555555555555556
Customer_19,1.6666666666666667
Customer_3365,0.3333333333333333
Customer_3125,1.0
Customer_4414,1.3333333333333333
Customer_2595,1.4444444444444444
Customer_2473,0.4444444444444444
Customer_1078,0.7777777777777778
Customer_4996,0.4444444444444444
Customer_538,0.0
Customer_7808,0.8888888888888888
Customer_789,1.1111111111111112
Customer_8008,1.4444444444444444
Customer_2018,1.1111111111111112
Customer_1071,0.4444444444444444
Customer_7277,0.8888888888888888
Customer_2918,0.8888888888888888
Customer_8542,1.1111111111111112
Customer_676,1.7777777777777777
Customer_1559,0.8888888888888888
Customer_6572,0.8888888888888888
Customer_5266,0.4444444444444444
Customer_879,1.2222222222222223
Customer_346,1.7777777777777777
Customer_5621,0.7777777777777778
Customer_3955,0.7777777777777778
Customer_4189,1.0
Customer_7762,0.7777777777777778
Customer_4381,1.7777777777777777
Customer_1672,1.8888888888888888
Customer_4048,1.8888888888888888
Customer_3969,0.7777777777777778
Customer_6794,1.0
Customer_6397,0.8888888888888888
Customer_3087,0.6666666666666666
Customer_1877,1.8888888888888888
Customer_7888,1.1111111111111112
Customer_4041,1.1111111111111112
Customer_5882,1.2222222222222223
Customer_2742,1.3333333333333333
Customer_1144,0.5555555555555556
Customer_1617,0.7777777777777778
Customer_6003,1.3333333333333333
Customer_3555,0.6666666666666666
Customer_2464,1.8888888888888888
Customer_4817,1.5555555555555556
Customer_7359,1.7777777777777777
Customer_5224,0.8888888888888888
Customer_7050,1.1111111111111112
Customer_1516,1.4444444444444444
Customer_6489,0.1111111111111111
Customer_2133,1.4444444444444444
Customer_1222,0.8888888888888888
Customer_2303,0.5555555555555556
Customer_6137,0.0
Customer_4077,0.0
Customer_8936,0.3333333333333333
Customer_5360,0.5555555555555556
Customer_8620,1.5555555555555556
Customer_333,1.3333333333333333
Customer_5466,1.2222222222222223
Customer_3248,1.2222222222222223
Customer_1730,1.1111111111111112
Customer_2510,1.4444444444444444
Customer_2609,1.0
Customer_8569,1.0
Customer_5701,1.0
Customer_6268,0.7777777777777778
Customer_7633,0.6666666666666666
Customer_8410,1.5555555555555556
Customer_6143,0.6666666666666666
Customer_2142,0.6666666666666666
Customer_2214,1.0
Customer_7049,1.1111111111111112
Customer_8557,1.6666666666666667
Customer_6889,0.0
Customer_5502,1.3333333333333333
Customer_5103,1.3333333333333333
Customer_8269,0.4444444444444444
Customer_5706,0.4444444444444444
Customer_3290,1.2222222222222223
Customer_5386,1.3333333333333333
Customer_5247,1.0
Customer_4151,0.0
Customer_4275,1.3333333333333333
Customer_23,0.5555555555555556
Customer_2458,0.3333333333333333
Customer_4024,1.5555555555555556
Customer_6547,1.3333333333333333
Customer_3649,0.5555555555555556
Customer_8693,0.5555555555555556
Customer_4756,0.5555555555555556
Customer_5939,1.1111111111111112
Customer_5049,0.7777777777777778
Customer_8448,1.1111111111111112
Customer_5829,0.5555555555555556
Customer_6750,1.5555555555555556
Customer_3872,0.2222222222222222
Customer_4245,0.5555555555555556
Customer_4786,1.0
Customer_8817,1.4444444444444444
Customer_4626,0.3333333333333333
Customer_4322,0.8888888888888888
Customer_7896,0.7777777777777778
Customer_2094,1.0
Customer_6912,1.7777777777777777
Customer_8104,0.5555555555555556
Customer_6009,1.0
Customer_1339,0.8888888888888888
Customer_8783,1.5555555555555556
Customer_8142,1.4444444444444444
Customer_496,0.3333333333333333
Customer_3522,1.1111111111111112
Customer_8495,0.1111111111111111
Customer_7017,0.6666666666666666
Customer_4824,0.6666666666666666
Customer_1056,1.0
Customer_7829,0.7777777777777778
Customer_3035,0.2222222222222222
Customer_5234,0.5555555555555556
Customer_33,0.8888888888888888
Customer_3949,2.111111111111111
Customer_50,0.7777777777777778
Customer_2826,0.5555555555555556
Customer_6440,1.1111111111111112
Customer_2388,0.7777777777777778
Customer_9110,0.3333333333333333
Customer_7032,0.8888888888888888
Customer_1794,1.0
Customer_7628,1.3333333333333333
Customer_500,1.1111111111111112
Customer_8913,1.3333333333333333
Customer_5832,0.5555555555555556
Customer_3026,1.1111111111111112
Customer_8565,0.7777777777777778
Customer_3090,0.6666666666666666
Customer_8295,1.0
Customer_3149,1.0
Customer_5583,0.7777777777777778
Customer_6650,1.6666666666666667
Customer_2638,0.4444444444444444
Customer_5272,0.6666666666666666
Customer_6445,0.5555555555555556
Customer_6603,1.1111111111111112
Customer_3991,1.6666666666666667
Customer_245,1.6666666666666667
Customer_149,0.2222222222222222
Customer_3578,0.7777777777777778
Customer_185,0.8888888888888888
Customer_2602,0.7777777777777778
Customer_758,1.4444444444444444
Customer_7466,1.1111111111111112
Customer_5337,0.6666666666666666
Customer_4127,1.6666666666666667
Customer_6119,0.0
Customer_8289,1.4444444444444444
Customer_1732,0.6666666666666666
Customer_4903,0.0
Customer_1928,0.8888888888888888
Customer_4793,0.6666666666666666
Customer_5250,1.0
Customer_6715,0.4444444444444444
Customer_6835,0.8888888888888888
Customer_5229,1.2222222222222223
Customer_5835,0.7777777777777778
Customer_8098,1.2222222222222223
Customer_8193,0.8888888888888888
Customer_550,1.0
Customer_1429,0.2222222222222222
Customer_8090,1.3333333333333333
Customer_8260,0.8888888888888888
Customer_1718,1.1111111111111112
Customer_6539,1.4444444444444444
Customer_1046,0.3333333333333333
Customer_17,0.8888888888888888
Customer_5365,0.7777777777777778
Customer_4842,1.0
Customer_3367,1.0
Customer_2622,0.8888888888888888
Customer_3032,1.5555555555555556
Customer_2232,1.2222222222222223
Customer_3761,1.0
Customer_6535,1.1111111111111112
Customer_4319,1.0
Customer_5769,1.7777777777777777
Customer_4588,0.4444444444444444
Customer_6793,1.1111111111111112
Customer_6537,1.6666666666666667
Customer_7586,0.8888888888888888
Customer_4623,0.6666666666666666
Customer_4785,1.1111111111111112
Customer_6358,1.1111111111111112
Customer_9038,0.2222222222222222
Customer_5316,0.4444444444444444
Customer_6395,1.7777777777777777
Customer_8074,1.4444444444444444
Customer_2165,0.5555555555555556
Customer_2820,1.3333333333333333
Customer_7332,1.3333333333333333
Customer_2036,0.7777777777777778
Customer_7354,1.3333333333333333
Customer_168,0.8888888888888888
Customer_6417,1.0
Customer_8332,0.6666666666666666
Customer_8702,1.1111111111111112
Customer_1156,1.7777777777777777
Customer_7919,0.5555555555555556
Customer_6462,0.8888888888888888
Customer_9003,1.0
Customer_2312,1.4444444444444444
Customer_960,1.2222222222222223
Customer_3548,1.1111111111111112
Customer_5715,0.7777777777777778
Customer_2481,0.7777777777777778
Customer_6501,0.8888888888888888
Customer_5942,1.1111111111111112
Customer_718,0.6666666666666666
Customer_5438,0.6666666666666666
Customer_9058,0.7777777777777778
Customer_3540,0.5555555555555556
Customer_9101,0.3333333333333333
Customer_487,0.4444444444444444
Customer_7871,1.3333333333333333
Customer_1127,0.8888888888888888
Customer_6743,0.7777777777777778
Customer_9064,1.0
Customer_6032,1.2222222222222223
Customer_4821,1.0
Customer_4295,0.2222222222222222
Customer_1295,1.5555555555555556
Customer_3165,1.0
Customer_4981,1.2222222222222223
Customer_6120,0.4444444444444444
Customer_6450,1.5555555555555556
Customer_8377,1.2222222222222223
Customer_6068,0.3333333333333333
Customer_3133,1.2222222222222223
Customer_6114,0.6666666666666666
Customer_2802,1.0
Customer_5489,0.5555555555555556
Customer_3100,0.2222222222222222
Customer_9004,1.1111111111111112
Customer_8224,1.7777777777777777
Customer_8475,1.4444444444444444
Customer_353,1.4444444444444444
Customer_6507,1.5555555555555556
Customer_8837,0.7777777777777778
Customer_1470,1.8888888888888888
Customer_483,0.1111111111111111
Customer_7327,1.1111111111111112
Customer_6486,1.3333333333333333
Customer_8707,1.5555555555555556
Customer_4412,1.6666666666666667
Customer_5389,0.4444444444444444
Customer_3620,1.1111111111111112
Customer_5313,1.1111111111111112
Customer_2882,0.5555555555555556
Customer_7136,1.5555555555555556
Customer_1642,1.2222222222222223
Customer_3857,0.4444444444444444
Customer_4315,1.0
Customer_5143,0.2222222222222222
Customer_5647,0.7777777777777778
Customer_4084,1.2222222222222223
Customer_4700,1.7777777777777777
Customer_7071,1.3333333333333333
Customer_453,2.111111111111111
Customer_766,1.4444444444444444
Customer_6324,1.4444444444444444
Customer_5858,1.6666666666666667
Customer_6174,1.0
Customer_2515,1.1111111111111112
Customer_682,1.1111111111111112
Customer_8604,1.0
Customer_5950,1.2222222222222223
Customer_2107,1.2222222222222223
Customer_3002,1.5555555555555556
Customer_7033,1.1111111111111112
Customer_2718,0.4444444444444444
Customer_5515,0.0
Customer_7006,0.6666666666666666
Customer_6770,0.8888888888888888
Customer_1123,0.4444444444444444
Customer_2484,0.6666666666666666
Customer_7459,1.5555555555555556
Customer_7097,1.0
Customer_7503,1.6666666666666667
Customer_3692,0.8888888888888888
Customer_3018,0.7777777777777778
Customer_5861,1.1111111111111112
Customer_4582,1.3333333333333333
Customer_5912,1.0
Customer_9072,1.1111111111111112
Customer_3274,0.2222222222222222
Customer_5015,1.4444444444444444
Customer_6985,0.7777777777777778
Customer_5227,1.0
Customer_3625,1.2222222222222223
Customer_7607,1.0
Customer_7383,1.0
Customer_3454,1.0
Customer_6142,0.6666666666666666
Customer_1699,1.1111111111111112
Customer_429,1.4444444444444444
Customer_1446,0.8888888888888888
Customer_7462,1.1111111111111112
Customer_385,1.0
Customer_921,1.2222222222222223
Customer_4704,1.2222222222222223
Customer_8239,0.8888888888888888
Customer_9119,0.5555555555555556
Customer_1057,1.3333333333333333
Customer_9031,0.4444444444444444
Customer_2210,1.0
Customer_1287,0.6666666666666666
Customer_5964,1.3333333333333333
Customer_4339,0.6666666666666666
Customer_5419,0.4444444444444444
Customer_7372,0.4444444444444444
Customer_637,1.8888888888888888
Customer_3979,1.0
Customer_7070,0.4444444444444444
Customer_233,0.4444444444444444
Customer_3154,1.2222222222222223
Customer_3150,1.1111111111111112
Customer_2697,0.6666666666666666
Customer_4043,1.0
Customer_811,0.5555555555555556
Customer_3487,0.5555555555555556
Customer_6266,1.4444444444444444
Customer_1731,0.6666666666666666
Customer_1570,0.5555555555555556
Customer_1615,1.1111111111111112
Customer_7251,1.1111111111111112
Customer_5649,0.5555555555555556
Customer_5457,1.3333333333333333
Customer_5403,1.0
Customer_5652,0.0
Customer_8170,1.2222222222222223
Customer_101,0.0
Customer_319,0.5555555555555556
Customer_5629,0.8888888888888888
Customer_2508,1.1111111111111112
Customer_625,0.8888888888888888
Customer_6227,0.8888888888888888
Customer_7614,1.7777777777777777
Customer_2245,1.4444444444444444
Customer_6204,0.7777777777777778
Customer_8407,1.7777777777777777
Customer_334,1.4444444444444444
Customer_4010,0.8888888888888888
Customer_1330,1.2222222222222223
Customer_5851,1.2222222222222223
Customer_5696,1.1111111111111112
Customer_5279,0.5555555555555556
Customer_461,0.8888888888888888
Customer_1052,1.8888888888888888
Customer_1670,1.0
Customer_8,0.4444444444444444
Customer_99,0.8888888888888888
Customer_4001,1.1111111111111112
Customer_6352,0.7777777777777778
Customer_7189,1.6666666666666667
Customer_31,1.8888888888888888
Customer_3146,1.7777777777777777
Customer_6407,0.2222222222222222
Customer_6091,1.1111111111111112
Customer_540,0.8888888888888888
Customer_1479,1.0
Customer_8997,1.2222222222222223
Customer_7269,1.5555555555555556
Customer_3053,1.2222222222222223
Customer_1142,1.0
Customer_8259,0.2222222222222222
Customer_7453,1.2222222222222223
Customer_7150,1.0
Customer_1112,0.7777777777777778
Customer_8026,1.5555555555555556
Customer_3422,0.5555555555555556
Customer_5909,0.5555555555555556
Customer_5623,1.3333333333333333
Customer_4374,1.0
Customer_3209,1.4444444444444444
Customer_601,1.1111111111111112
Customer_1328,0.3333333333333333
Customer_6634,0.5555555555555556
Customer_2588,1.2222222222222223
Customer_1044,1.1111111111111112
Customer_7884,1.3333333333333333
Customer_9025,1.0
Customer_5332,1.0
Customer_1095,0.1111111111111111
Customer_5274,1.0
Customer_291,1.8888888888888888
Customer_3238,1.0
Customer_8711,1.2222222222222223
Customer_6214,1.6666666666666667
Customer_618,0.7777777777777778
Customer_2957,0.1111111111111111
Customer_594,1.0
Customer_4750,1.5555555555555556
Customer_3263,0.7777777777777778
Customer_6594,0.8888888888888888
Customer_4894,1.1111111111111112
Customer_2478,0.6666666666666666
Customer_1807,1.0
Customer_1840,0.6666666666666666
Customer_2272,1.0
Customer_8867,0.8888888888888888
Customer_9112,0.4444444444444444
Customer_7018,1.0
Customer_5412,0.7777777777777778
Customer_4717,1.0
Customer_4382,0.4444444444444444
Customer_7550,1.0
Customer_5610,1.4444444444444444
Customer_6773,1.6666666666666667
Customer_7782,1.3333333333333333
Customer_5137,0.4444444444444444
Customer_4091,1.2222222222222223
Customer_4834,0.0
Customer_8779,0.7777777777777778
Customer_2716,0.8888888888888888
Customer_3535,1.3333333333333333
Customer_8272,0.5555555555555556
Customer_1688,1.2222222222222223
Customer_5273,1.1111111111111112
Customer_4564,1.5555555555555556
Customer_3131,1.0
Customer_5306,0.7777777777777778
Customer_5426,1.3333333333333333
Customer_6026,1.0
Customer_7637,0.5555555555555556
Customer_6307,0.8888888888888888
Customer_8088,1.0
Customer_1149,1.1111111111111112
Customer_4812,0.5555555555555556
Customer_1937,1.1111111111111112
Customer_7067,0.3333333333333333
Customer_2880,0.6666666666666666
Customer_4629,1.2222222222222223
Customer_3095,1.1111111111111112
Customer_8503,0.5555555555555556
Customer_5663,1.1111111111111112
Customer_748,0.4444444444444444
Customer_8447,0.6666666666666666
Customer_6386,1.2222222222222223
Customer_1575,1.4444444444444444
Customer_8917,2.2222222222222223
Customer_1426,1.4444444444444444
Customer_1126,0.8888888888888888
Customer_7139,0.4444444444444444
Customer_4279,1.5555555555555556
Customer_4923,1.4444444444444444
Customer_1569,0.5555555555555556
Customer_6758,1.2222222222222223
Customer_6728,0.5555555555555556
Customer_7477,0.7777777777777778
Customer_6923,1.7777777777777777
Customer_6839,0.4444444444444444
Customer_5354,0.7777777777777778
Customer_2249,0.8888888888888888
Customer_4051,0.0
Customer_6317,1.3333333333333333
Customer_3662,0.5555555555555556
Customer_664,2.2222222222222223
Customer_2586,1.2222222222222223
Customer_841,0.7777777777777778
Customer_6296,0.3333333333333333
Customer_8669,1.3333333333333333
Customer_3037,1.1111111111111112
Customer_7426,0.8888888888888888
Customer_833,1.3333333333333333
Customer_4868,1.2222222222222223
Customer_5363,1.0
Customer_872,1.1111111111111112
Customer_4716,0.5555555555555556
Customer_3984,1.3333333333333333
Customer_3320,1.1111111111111112
Customer_5702,0.6666666666666666
Customer_6194,1.4444444444444444
Customer_3942,1.8888888888888888
Customer_8288,2.0
Customer_1277,0.3333333333333333
Customer_4331,1.1111111111111112
Customer_3981,1.3333333333333333
Customer_3886,0.6666666666666666
Customer_6377,1.2222222222222223
Customer_8101,1.0
Customer_7867,0.8888888888888888
Customer_4972,1.2222222222222223
Customer_7223,1.0
Customer_411,1.1111111111111112
Customer_7642,1.0
Customer_1832,1.1111111111111112
Customer_7234,0.8888888888888888
Customer_1978,1.3333333333333333
Customer_6532,1.3333333333333333
Customer_5092,1.3333333333333333
Customer_1726,1.0
Customer_7556,1.0
Customer_604,1.5555555555555556
Customer_30,1.2222222222222223
Customer_1671,0.4444444444444444
Customer_263,1.5555555555555556
Customer_2816,0.7777777777777778
Customer_247,0.8888888888888888
Customer_852,1.2222222222222223
Customer_1835,1.1111111111111112
Customer_8841,1.6666666666666667
Customer_199,0.3333333333333333
Customer_532,0.8888888888888888
Customer_2615,1.0
Customer_8057,0.6666666666666666
Customer_5030,0.7777777777777778
Customer_5255,1.7777777777777777
Customer_455,1.3333333333333333
Customer_1197,1.1111111111111112
Customer_5381,1.0
Customer_3892,0.6666666666666666
Customer_2225,0.3333333333333333
Customer_7905,0.7777777777777778
Customer_4513,0.7777777777777778
Customer_2955,1.5555555555555556
Customer_4764,1.0
Customer_6558,1.1111111111111112
Customer_2008,0.5555555555555556
Customer_3404,2.4444444444444446
Customer_7870,0.5555555555555556
Customer_6350,1.0
Customer_1373,1.6666666666666667
Customer_8153,1.3333333333333333
Customer_6130,0.5555555555555556
Customer_3905,0.2222222222222222
Customer_6688,1.7777777777777777
Customer_8331,1.3333333333333333
Customer_7349,1.0
Customer_3994,1.1111111111111112
Customer_217,0.4444444444444444
Customer_1005,1.5555555555555556
Customer_4335,0.5555555555555556
Customer_7015,0.8888888888888888
Customer_3325,1.1111111111111112
Customer_7084,1.6666666666666667
Customer_8086,0.8888888888888888
Customer_2846,0.5555555555555556
Customer_3777,1.3333333333333333
Customer_6969,0.4444444444444444
Customer_675,1.5555555555555556
Customer_4099,1.0
Customer_1740,0.6666666666666666
Customer_8409,1.4444444444444444
Customer_7487,1.0
Customer_229,1.2222222222222223
Customer_6977,0.7777777777777778
Customer_7254,0.3333333333333333
Customer_4198,1.3333333333333333
Customer_5707,0.0
Customer_6890,1.2222222222222223
Customer_8291,1.1111111111111112
Customer_4613,1.0
Customer_8567,1.6666666666666667
Customer_2002,1.2222222222222223
Customer_6060,2.0
Customer_1595,1.0
Customer_2034,0.6666666666666666
Customer_3143,1.0
Customer_6553,0.5555555555555556
Customer_1649,1.7777777777777777
Customer_7619,0.7777777777777778
Customer_3434,1.1111111111111112
Customer_2373,0.5555555555555556
Customer_7636,0.8888888888888888
Customer_2152,1.0
Customer_337,0.8888888888888888
Customer_7475,0.1111111111111111
Customer_5957,1.4444444444444444
Customer_9086,1.0
Customer_1400,0.3333333333333333
Customer_5170,1.4444444444444444
Customer_5993,0.4444444444444444
Customer_4963,1.3333333333333333
Customer_6956,1.1111111111111112
Customer_7717,0.4444444444444444
Customer_1226,0.3333333333333333
Customer_96,0.2222222222222222
Customer_4341,0.7777777777777778
Customer_2897,0.3333333333333333
Customer_7948,1.5555555555555556
Customer_8768,1.0
Customer_6984,0.7777777777777778
Customer_4604,0.7777777777777778
Customer_4482,0.6666666666666666
Customer_8404,1.4444444444444444
Customer_3570,0.5555555555555556
Customer_1017,1.1111111111111112
Customer_3846,0.3333333333333333
Customer_3720,0.7777777777777778
Customer_4141,0.5555555555555556
Customer_8941,0.1111111111111111
Customer_350,0.5555555555555556
Customer_5934,0.3333333333333333
Customer_8343,0.6666666666666666
Customer_2919,0.8888888888888888
Customer_8704,1.1111111111111112
Customer_5710,1.5555555555555556
Customer_8685,0.5555555555555556
Customer_2859,1.2222222222222223
Customer_4640,0.7777777777777778
Customer_1210,1.2222222222222223
Customer_7902,1.2222222222222223
Customer_5022,1.2222222222222223
Customer_7066,1.1111111111111112
Customer_1383,1.1111111111111112
Customer_4264,0.0
Customer_5350,1.0
Customer_742,0.3333333333333333
Customer_180,0.8888888888888888
Customer_1115,0.5555555555555556
Customer_7621,2.2222222222222223
Customer_349,1.5555555555555556
Customer_8080,0.2222222222222222
Customer_3393,1.6666666666666667
Customer_8179,1.3333333333333333
Customer_4122,0.6666666666666666
Customer_6942,1.0
Customer_3914,0.7777777777777778
Customer_81,0.3333333333333333
Customer_6625,0.4444444444444444
Customer_7661,1.5555555555555556
Customer_4071,0.4444444444444444
Customer_6861,0.8888888888888888
Customer_831,1.2222222222222223
Customer_6017,0.8888888888888888
Customer_1606,1.4444444444444444
Customer_6196,1.0
Customer_5562,1.0
Customer_8234,1.5555555555555556
Customer_5606,1.2222222222222223
Customer_1768,0.6666666666666666
Customer_9016,1.2222222222222223
Customer_1888,1.3333333333333333
Customer_7087,1.1111111111111112
Customer_4693,0.8888888888888888
Customer_2083,1.5555555555555556
Customer_7836,1.8888888888888888
Customer_2554,1.8888888888888888
Customer_7461,1.5555555555555556
Customer_7289,0.7777777777777778
Customer_4355,1.2222222222222223
Customer_2006,1.3333333333333333
Customer_8759,1.4444444444444444
Customer_710,0.4444444444444444
Customer_2531,0.3333333333333333
Customer_5698,0.5555555555555556
Customer_3852,0.8888888888888888
Customer_6838,1.1111111111111112
Customer_4477,0.7777777777777778
Customer_4439,0.6666666666666666
Customer_3817,1.4444444444444444
Customer_6660,0.3333333333333333
Customer_5740,0.7777777777777778
Customer_1369,0.5555555555555556
Customer_8408,0.4444444444444444
Customer_6649,0.8888888888888888
Customer_9049,0.4444444444444444
Customer_1139,1.2222222222222223
Customer_6135,1.6666666666666667
Customer_4140,1.0
Customer_4375,0.5555555555555556
Customer_8658,1.1111111111111112
Customer_2177,1.5555555555555556
Customer_7981,1.1111111111111112
Customer_3244,0.5555555555555556
Customer_172,0.8888888888888888
Customer_7111,1.5555555555555556
Customer_4292,0.7777777777777778
Customer_39,0.7777777777777778
Customer_1561,0.4444444444444444
Customer_8313,1.1111111111111112
Customer_9023,1.0
Customer_5863,0.8888888888888888
Customer_4060,1.0
Customer_2603,0.8888888888888888
Customer_2986,1.7777777777777777
Customer_5669,1.2222222222222223
Customer_4984,1.4444444444444444
Customer_2939,1.5555555555555556
Customer_8674,0.6666666666666666
Customer_2453,1.5555555555555556
Customer_7299,1.8888888888888888
Customer_4920,1.3333333333333333
Customer_2794,1.0
Customer_7879,1.0
Customer_4216,1.1111111111111112
Customer_533,1.1111111111111112
Customer_1758,0.8888888888888888
Customer_6720,0.6666666666666666
Customer_6900,0.8888888888888888
Customer_7023,0.2222222222222222
Customer_65,1.1111111111111112
Customer_6400,1.5555555555555556
Customer_2952,0.7777777777777778
Customer_354,1.0
Customer_3438,0.6666666666666666
Customer_1650,1.0
Customer_2276,1.4444444444444444
Customer_4344,0.8888888888888888
Customer_6648,1.2222222222222223
Customer_5516,1.0
Customer_7935,1.0
Customer_9042,1.5555555555555556
Customer_1665,1.1111111111111112
Customer_472,1.0
Customer_8483,1.5555555555555556
Customer_3768,1.6666666666666667
Customer_4617,0.7777777777777778
Customer_5599,0.7777777777777778
Customer_6998,0.3333333333333333
Customer_1765,1.4444444444444444
Customer_868,1.0
Customer_1739,1.5555555555555556
Customer_323,0.7777777777777778
Customer_8242,0.3333333333333333
Customer_4267,1.5555555555555556
Customer_3379,0.7777777777777778
Customer_5458,0.8888888888888888
Customer_1623,0.5555555555555556
Customer_6641,1.4444444444444444
Customer_8519,0.3333333333333333
Customer_5834,1.5555555555555556
Customer_5128,0.6666666666666666
Customer_1075,1.6666666666666667
Customer_3094,1.3333333333333333
Customer_1254,1.2222222222222223
Customer_3381,1.6666666666666667
Customer_7197,0.8888888888888888
Customer_5581,0.8888888888888888
Customer_3091,1.5555555555555556
Customer_8215,1.0
Customer_4918,0.2222222222222222
Customer_5488,1.7777777777777777
Customer_5609,1.0
Customer_6983,1.3333333333333333
Customer_73,1.0
Customer_2111,0.4444444444444444
Customer_4333,1.5555555555555556
Customer_8629,1.2222222222222223
Customer_7322,1.7777777777777777
Customer_5422,1.2222222222222223
Customer_4050,1.2222222222222223
Customer_8238,2.111111111111111
Customer_8709,0.6666666666666666
Customer_1509,1.2222222222222223
Customer_6325,1.3333333333333333
Customer_7324,1.5555555555555556
Customer_1918,1.1111111111111112
Customer_118,1.4444444444444444
Customer_1737,0.6666666666666666
Customer_5097,0.0
Customer_4927,1.7777777777777777
Customer_7635,1.2222222222222223
Customer_3624,1.1111111111111112
Customer_1219,0.6666666666666666
Customer_4886,1.2222222222222223
Customer_3378,0.5555555555555556
Customer_3106,1.2222222222222223
Customer_1897,1.1111111111111112
Customer_6470,1.1111111111111112
Customer_3621,1.2222222222222223
Customer_449,0.2222222222222222
Customer_3410,0.8888888888888888
Customer_5612,1.3333333333333333
Customer_2291,1.5555555555555556
Customer_2620,0.7777777777777778
Customer_6256,0.5555555555555556
Customer_177,1.2222222222222223
Customer_132,1.1111111111111112
Customer_4076,2.111111111111111
Customer_1992,1.5555555555555556
Customer_1374,0.2222222222222222
Customer_8385,1.0
Customer_0,1.4444444444444444
Customer_2807,0.3333333333333333
Customer_2025,0.8888888888888888
Customer_3428,1.1111111111111112
Customer_6231,1.6666666666666667
Customer_4631,0.2222222222222222
Customer_7685,1.3333333333333333
Customer_8749,1.3333333333333333
Customer_2145,1.0
Customer_5294,0.7777777777777778
Customer_3395,0.6666666666666666
Customer_1783,1.0
Customer_6716,0.8888888888888888
Customer_5244,0.7777777777777778
Customer_5268,0.4444444444444444
Customer_8016,0.0
Customer_7273,1.5555555555555556
Customer_408,0.3333333333333333
Customer_6559,1.1111111111111112
Customer_5634,0.8888888888888888
Customer_4881,1.1111111111111112
Customer_1027,1.5555555555555556
Customer_157,0.7777777777777778
Customer_1421,0.8888888888888888
Customer_388,1.0
Customer_7616,1.2222222222222223
Customer_2127,0.4444444444444444
Customer_8292,0.5555555555555556
Customer_2543,0.3333333333333333
Customer_8597,0.7777777777777778
Customer_4659,0.8888888888888888
Customer_712,0.4444444444444444
Customer_5164,0.8888888888888888
Customer_510,1.3333333333333333
Customer_1061,1.0
Customer_7244,0.6666666666666666
Customer_5027,0.6666666666666666
Customer_5786,1.4444444444444444
Customer_1502,0.7777777777777778
Customer_4031,0.5555555555555556
Customer_1701,1.0
Customer_2273,0.6666666666666666
Customer_4472,1.1111111111111112
Customer_678,0.7777777777777778
Customer_5598,0.6666666666666666
Customer_5366,0.5555555555555556
Customer_8871,0.7777777777777778
Customer_1741,1.1111111111111112
Customer_3498,1.2222222222222223
Customer_6817,1.0
Customer_957,0.4444444444444444
Customer_5221,1.1111111111111112
Customer_8643,0.5555555555555556
Customer_5930,0.1111111111111111
Customer_6854,1.4444444444444444
Customer_3445,0.8888888888888888
Customer_8348,0.6666666666666666
Customer_724,0.7777777777777778
Customer_4937,1.4444444444444444
Customer_4864,0.8888888888888888
Customer_5271,1.0
Customer_7072,1.0
Customer_794,0.8888888888888888
Customer_2771,1.0
Customer_2072,1.4444444444444444
Customer_5648,1.3333333333333333
Customer_5764,1.2222222222222223
Customer_251,0.8888888888888888
Customer_3418,0.8888888888888888
Customer_2495,1.2222222222222223
Customer_4007,0.1111111111111111
Customer_9130,0.3333333333333333
Customer_8297,1.1111111111111112
Customer_2319,0.7777777777777778
Customer_3064,1.1111111111111112
Customer_3780,0.8888888888888888
Customer_1233,1.0
Customer_3128,1.2222222222222223
Customer_2683,1.0
Customer_1631,1.3333333333333333
Customer_6252,0.4444444444444444
Customer_7195,1.3333333333333333
Customer_6951,1.0
Customer_1568,1.2222222222222223
Customer_3455,0.8888888888888888
Customer_7451,1.4444444444444444
Customer_5708,0.4444444444444444
Customer_4383,1.2222222222222223
Customer_7168,0.5555555555555556
Customer_3441,0.8888888888888888
Customer_4042,1.0
Customer_4601,0.6666666666666666
Customer_7745,0.7777777777777778
Customer_4246,1.1111111111111112
Customer_3677,1.3333333333333333
Customer_1396,1.1111111111111112
Customer_8748,1.4444444444444444
Customer_6129,0.7777777777777778
Customer_3728,0.5555555555555556
Customer_2233,0.5555555555555556
Customer_1042,0.5555555555555556
Customer_611,1.2222222222222223
Customer_5214,1.2222222222222223
Customer_5638,1.4444444444444444
Customer_2663,0.8888888888888888
Customer_6568,1.2222222222222223
Customer_6398,0.3333333333333333
Customer_7538,0.4444444444444444
Customer_5125,0.6666666666666666
Customer_2605,1.4444444444444444
Customer_6581,0.6666666666666666
Customer_6929,1.3333333333333333
Customer_8439,1.3333333333333333
Customer_6364,1.4444444444444444
Customer_2199,1.2222222222222223
Customer_503,0.8888888888888888
Customer_3132,0.8888888888888888
Customer_274,0.6666666666666666
Customer_1345,1.1111111111111112
Customer_4880,1.5555555555555556
Customer_3774,1.2222222222222223
Customer_6355,1.1111111111111112
Customer_5425,0.6666666666666666
Customer_3392,0.7777777777777778
Customer_6933,1.0
Customer_6513,1.6666666666666667
Customer_7063,0.8888888888888888
Customer_7787,0.7777777777777778
Customer_2548,1.6666666666666667
Customer_108,1.1111111111111112
Customer_683,0.3333333333333333
Customer_6191,0.6666666666666666
Customer_5323,1.4444444444444444
Customer_997,1.5555555555555556
Customer_1626,0.8888888888888888
Customer_8144,1.5555555555555556
Customer_1176,1.3333333333333333
Customer_1346,0.6666666666666666
Customer_7194,1.2222222222222223
Customer_744,0.6666666666666666
Customer_8451,1.1111111111111112
Customer_4609,1.1111111111111112
Customer_2441,1.1111111111111112
Customer_5228,0.3333333333333333
Customer_7914,0.7777777777777778
Customer_2075,1.1111111111111112
Customer_2377,1.5555555555555556
Customer_7401,0.8888888888888888
Customer_5662,1.6666666666666667
Customer_8799,0.6666666666666666
Customer_7510,1.1111111111111112
Customer_6167,0.6666666666666666
Customer_1941,0.4444444444444444
Customer_4113,1.2222222222222223
Customer_3082,1.3333333333333333
Customer_693,1.3333333333333333
Customer_485,0.7777777777777778
Customer_4306,0.0
Customer_8616,0.7777777777777778
Customer_982,0.8888888888888888
Customer_1261,0.6666666666666666
Customer_79,0.5555555555555556
Customer_4202,1.4444444444444444
Customer_6785,0.7777777777777778
Customer_5358,1.2222222222222223
Customer_3745,1.3333333333333333
Customer_2149,0.4444444444444444
Customer_5118,1.1111111111111112
Customer_6708,0.5555555555555556
Customer_6671,1.0
Customer_4210,1.1111111111111112
Customer_4205,0.8888888888888888
Customer_5216,0.3333333333333333
Customer_1578,0.8888888888888888
Customer_5572,1.0
Customer_445,1.1111111111111112
Customer_2579,1.2222222222222223
Customer_5245,0.6666666666666666
Customer_2088,1.0
Customer_3956,0.7777777777777778
Customer_4988,1.1111111111111112
Customer_3861,1.4444444444444444
Customer_8412,1.3333333333333333
Customer_2392,1.2222222222222223
Customer_5464,1.2222222222222223
Customer_4514,1.0
Customer_7652,0.8888888888888888
Customer_1597,0.5555555555555556
Customer_4102,0.2222222222222222
Customer_8765,1.6666666666666667
Customer_68,0.3333333333333333
Customer_8381,0.5555555555555556
Customer_48,1.0
Customer_1053,0.4444444444444444
Customer_4487,1.0
Customer_3284,1.1111111111111112
Customer_2935,1.0
Customer_603,0.3333333333333333
Customer_4610,1.2222222222222223
Customer_7841,1.1111111111111112
Customer_6337,1.1111111111111112
Customer_4660,0.8888888888888888
Customer_3269,1.0
Customer_1467,1.4444444444444444
Customer_5876,1.4444444444444444
Customer_3107,0.7777777777777778
Customer_393,0.8888888888888888
Customer_3646,0.7777777777777778
Customer_230,0.3333333333333333
Customer_1320,1.5555555555555556
Customer_41,0.7777777777777778
Customer_7363,0.6666666666666666
Customer_3918,0.6666666666666666
Customer_8140,0.8888888888888888
Customer_3847,1.3333333333333333
Customer_5282,1.0
Customer_1530,1.0
Customer_7478,1.7777777777777777
Customer_3668,0.5555555555555556
Customer_7341,0.8888888888888888
Customer_3538,1.0
Customer_1323,1.5555555555555556
Customer_5461,1.0
Customer_2110,0.7777777777777778
Customer_5958,0.8888888888888888
Customer_1491,2.2222222222222223
Customer_6260,1.1111111111111112
Customer_6187,0.8888888888888888
Customer_61,0.5555555555555556
Customer_7082,1.6666666666666667
Customer_6811,1.5555555555555556
Customer_3139,0.8888888888888888
Customer_5396,0.8888888888888888
Customer_402,1.3333333333333333
Customer_332,1.0
Customer_7647,1.1111111111111112
Customer_1009,0.4444444444444444
Customer_1168,0.4444444444444444
Customer_2287,1.5555555555555556
Customer_8102,0.6666666666666666
Customer_8411,1.3333333333333333
Customer_1965,1.4444444444444444
Customer_7439,1.1111111111111112
Customer_4288,1.1111111111111112
Customer_7321,1.3333333333333333
Customer_4454,0.7777777777777778
Customer_1721,1.2222222222222223
Customer_1438,1.1111111111111112
Customer_2867,0.7777777777777778
Customer_7217,1.2222222222222223
Customer_3898,0.8888888888888888
Customer_1334,1.1111111111111112
Customer_6800,1.3333333333333333
Customer_7175,1.0
Customer_1659,0.7777777777777778
Customer_9028,1.6666666666666667
Customer_5799,0.6666666666666666
Customer_4771,1.6666666666666667
Customer_6280,0.5555555555555556
Customer_8014,1.1111111111111112
Customer_4056,0.8888888888888888
Customer_5518,0.8888888888888888
Customer_706,0.5555555555555556
Customer_7081,1.4444444444444444
Customer_4230,1.5555555555555556
Customer_3723,1.0
Customer_2087,0.6666666666666666
Customer_5106,0.5555555555555556
Customer_7279,1.1111111111111112
Customer_3615,1.5555555555555556
Customer_1562,1.2222222222222223
Customer_7788,0.7777777777777778
Customer_9019,1.1111111111111112
Customer_6734,1.2222222222222223
Customer_696,1.4444444444444444
Customer_1103,0.7777777777777778
Customer_473,0.4444444444444444
Customer_379,0.3333333333333333
Customer_8196,1.2222222222222223
Customer_5725,0.5555555555555556
Customer_7160,0.6666666666666666
Customer_3458,0.6666666666666666
Customer_6192,1.5555555555555556
Customer_2933,1.2222222222222223
Customer_5687,1.1111111111111112
Customer_7502,0.4444444444444444
Customer_9059,1.5555555555555556
Customer_4201,0.8888888888888888
Customer_381,0.8888888888888888
Customer_8531,1.0
Customer_3827,0.6666666666666666
Customer_2128,1.3333333333333333
Customer_3337,1.2222222222222223
Customer_4028,0.5555555555555556
Customer_2124,0.8888888888888888
Customer_2189,1.3333333333333333
Customer_4680,0.5555555555555556
Customer_6842,0.6666666666666666
Customer_58,1.4444444444444444
Customer_4393,0.6666666666666666
Customer_1155,1.5555555555555556
Customer_4309,0.8888888888888888
Customer_3703,0.8888888888888888
Customer_4466,1.0
Customer_3332,1.7777777777777777
Customer_6382,2.111111111111111
Customer_4541,0.6666666666666666
Customer_2029,1.6666666666666667
Customer_1193,1.2222222222222223
Customer_7347,1.1111111111111112
Customer_5736,0.5555555555555556
Customer_858,1.2222222222222223
Customer_4522,1.5555555555555556
Customer_1864,1.1111111111111112
Customer_3182,0.8888888888888888
Customer_9017,1.5555555555555556
Customer_6816,1.1111111111111112
Customer_1536,1.3333333333333333
Customer_745,1.1111111111111112
Customer_4706,1.1111111111111112
Customer_8888,1.3333333333333333
Customer_6250,1.3333333333333333
Customer_8880,0.8888888888888888
Customer_3739,1.4444444444444444
Customer_7106,0.4444444444444444
Customer_5060,1.1111111111111112
Customer_2358,0.8888888888888888
Customer_6687,1.1111111111111112
Customer_6205,1.2222222222222223
Customer_5465,1.3333333333333333
Customer_5672,0.6666666666666666
Customer_5793,0.5555555555555556
Customer_6510,1.1111111111111112
Customer_6080,1.7777777777777777
Customer_1656,1.2222222222222223
Customer_6538,1.2222222222222223
Customer_1533,1.0
Customer_2455,1.5555555555555556
Customer_3656,0.5555555555555556
Customer_5471,0.8888888888888888
Customer_4855,1.3333333333333333
Customer_1880,1.4444444444444444
Customer_8472,1.2222222222222223
Customer_5967,0.7777777777777778
Customer_7971,0.5555555555555556
Customer_5123,1.0
Customer_7738,0.4444444444444444
Customer_214,1.8888888888888888
Customer_8580,1.0
Customer_7857,0.6666666666666666
Customer_2304,0.7777777777777778
Customer_862,1.2222222222222223
Customer_3,0.8888888888888888
Customer_6822,1.0
Customer_3257,1.0
Customer_3299,1.5555555555555556
Customer_4929,0.7777777777777778
Customer_181,1.0
Customer_1618,0.6666666666666666
Customer_8459,0.1111111111111111
Customer_7709,1.5555555555555556
Customer_6232,0.6666666666666666
Customer_8029,0.7777777777777778
Customer_3151,0.6666666666666666
Customer_4550,0.5555555555555556
Customer_8726,1.2222222222222223
Customer_2861,1.1111111111111112
Customer_8973,1.2222222222222223
Customer_6592,0.0
Customer_3573,1.2222222222222223
Customer_8106,0.2222222222222222
Customer_8736,1.2222222222222223
Customer_6427,2.0
Customer_70,1.4444444444444444
Customer_544,1.1111111111111112
Customer_3932,0.5555555555555556
Customer_835,0.8888888888888888
Customer_6571,0.1111111111111111
Customer_3813,1.1111111111111112
Customer_5409,1.4444444444444444
Customer_3772,0.8888888888888888
Customer_8840,0.8888888888888888
Customer_367,0.4444444444444444
Customer_7016,0.6666666666666666
Customer_5157,1.1111111111111112
Customer_4506,1.5555555555555556
Customer_6146,1.0
Customer_877,0.6666666666666666
Customer_7932,0.0
Customer_196,1.3333333333333333
Customer_8899,0.7777777777777778
Customer_5035,0.4444444444444444
Customer_2275,1.1111111111111112
Customer_4081,1.0
Customer_2063,1.1111111111111112
Customer_8860,1.0
Customer_4342,0.6666666666666666
Customer_6405,0.2222222222222222
Customer_1544,0.6666666666666666
Customer_3884,1.1111111111111112
Customer_7263,0.3333333333333333
Customer_7563,0.8888888888888888
Customer_8555,0.8888888888888888
Customer_6826,1.1111111111111112
Customer_5747,0.7777777777777778
Customer_5533,0.2222222222222222
Customer_1432,1.1111111111111112
Customer_2894,1.5555555555555556
Customer_8636,0.7777777777777778
Customer_7934,1.0
Customer_3309,1.1111111111111112
Customer_6170,0.1111111111111111
Customer_2183,1.2222222222222223
Customer_2887,1.0
Customer_3102,1.2222222222222223
Customer_6876,0.5555555555555556
Customer_2577,1.3333333333333333
Customer_4475,1.0
Customer_2759,1.4444444444444444
Customer_3463,1.2222222222222223
Customer_9092,0.5555555555555556
Customer_218,0.0
Customer_5356,1.4444444444444444
Customer_6749,1.2222222222222223
Customer_3316,1.0
Customer_3205,1.4444444444444444
Customer_1919,0.6666666666666666
Customer_1244,0.7777777777777778
Customer_5689,0.8888888888888888
Customer_6426,0.8888888888888888
Customer_7180,0.5555555555555556
Customer_5344,1.5555555555555556
Customer_1643,1.2222222222222223
Customer_7735,0.4444444444444444
Customer_7692,0.2222222222222222
Customer_576,0.5555555555555556
Customer_5551,1.4444444444444444
Customer_8323,0.8888888888888888
Customer_2288,1.0
Customer_1775,0.3333333333333333
Customer_1166,0.3333333333333333
Customer_4132,0.4444444444444444
Customer_2847,1.0
Customer_415,0.6666666666666666
Customer_4204,1.3333333333333333
Customer_8371,0.2222222222222222
Customer_8862,0.5555555555555556
Customer_4994,0.8888888888888888
Customer_759,1.4444444444444444
Customer_1385,0.8888888888888888
Customer_8980,1.2222222222222223
Customer_1201,0.8888888888888888
Customer_8918,1.2222222222222223
Customer_2138,0.8888888888888888
Customer_6560,0.0
Customer_8558,1.1111111111111112
Customer_8934,1.2222222222222223
Customer_2906,0.4444444444444444
Customer_3550,1.0
Customer_4376,0.6666666666666666
Customer_2114,0.2222222222222222
Customer_1957,1.4444444444444444
Customer_782,0.1111111111111111
Customer_543,0.8888888888888888
Customer_328,1.0
Customer_5478,0.8888888888888888
Customer_4953,1.6666666666666667
Customer_9009,0.7777777777777778
Customer_2611,0.3333333333333333
Customer_3375,1.0
Customer_6133,1.1111111111111112
Customer_1111,0.8888888888888888
Customer_2348,1.4444444444444444
Customer_7122,1.5555555555555556
Customer_8794,0.7777777777777778
Customer_4528,1.1111111111111112
Customer_4755,0.6666666666666666
Customer_1281,1.4444444444444444
Customer_971,0.7777777777777778
Customer_2375,0.8888888888888888
Customer_7785,0.7777777777777778
Customer_7054,0.4444444444444444
Customer_4618,0.8888888888888888
Customer_4539,0.6666666666666666
Customer_3349,1.3333333333333333
Customer_970,0.6666666666666666
Customer_4463,1.4444444444444444
Customer_4254,0.5555555555555556
Customer_1278,1.0
Customer_3948,1.5555555555555556
Customer_6310,0.2222222222222222
Customer_3881,0.6666666666666666
Customer_2627,0.4444444444444444
Customer_2191,1.4444444444444444
Customer_1282,0.8888888888888888
Customer_7705,0.6666666666666666
Customer_2900,0.7777777777777778
Customer_7414,0.8888888888888888
Customer_4362,1.0
Customer_1437,1.1111111111111112
Customer_5865,1.4444444444444444
Customer_8790,1.5555555555555556
Customer_111,1.0
Customer_56,1.0
Customer_5144,1.4444444444444444
Customer_7286,0.4444444444444444
Customer_2057,1.5555555555555556
Customer_1844,1.2222222222222223
Customer_2122,0.4444444444444444
Customer_7369,0.1111111111111111
Customer_6875,1.2222222222222223
Customer_8133,0.6666666666666666
Customer_3689,1.4444444444444444
Customer_6872,0.3333333333333333
Customer_7131,1.0
Customer_2316,0.7777777777777778
Customer_2913,1.6666666666666667
Customer_1298,1.6666666666666667
Customer_4436,1.0
Customer_740,1.3333333333333333
Customer_5298,1.3333333333333333
Customer_8085,1.7777777777777777
Customer_3123,0.3333333333333333
Customer_4100,1.8888888888888888
Customer_7010,0.6666666666666666
Customer_2614,0.7777777777777778
Customer_524,1.5555555555555556
Customer_6615,0.7777777777777778
Customer_7295,1.4444444444444444
Customer_2626,0.7777777777777778
Customer_6234,1.3333333333333333
Customer_3541,1.0
Customer_5729,0.7777777777777778
Customer_4053,1.0
Customer_5509,1.4444444444444444
Customer_435,0.6666666666666666
Customer_6659,0.3333333333333333
Customer_8257,0.6666666666666666
Customer_308,0.8888888888888888
Customer_8961,0.8888888888888888
Customer_2968,1.1111111111111112
Customer_2456,1.0
Customer_4239,0.7777777777777778
Customer_87,1.8888888888888888
Customer_8413,1.6666666666666667
Customer_3055,0.8888888888888888
Customer_401,0.5555555555555556
Customer_3742,0.5555555555555556
Customer_1020,1.3333333333333333
Customer_881,0.7777777777777778
Customer_3333,1.2222222222222223
Customer_8929,0.4444444444444444
Customer_5889,0.5555555555555556
Customer_6853,1.5555555555555556
Customer_5965,1.2222222222222223
Customer_7364,1.4444444444444444
Customer_7525,1.0
Customer_5277,1.1111111111111112
Customer_257,1.1111111111111112
Customer_5896,0.5555555555555556
Customer_288,0.8888888888888888
Customer_6703,1.5555555555555556
Customer_7011,0.3333333333333333
Customer_7566,1.4444444444444444
Customer_8596,1.3333333333333333
Customer_476,0.5555555555555556
Customer_8430,0.6666666666666666
Customer_8351,1.6666666666666667
Customer_2574,1.1111111111111112
Customer_5379,1.2222222222222223
Customer_737,0.8888888888888888
Customer_2523,0.7777777777777778
Customer_5414,0.8888888888888888
Customer_4474,1.2222222222222223
Customer_5257,0.8888888888888888
Customer_8435,2.3333333333333335
Customer_7567,0.4444444444444444
Customer_4921,1.3333333333333333
Customer_2522,1.2222222222222223
Customer_1839,0.5555555555555556
Customer_1995,0.8888888888888888
Customer_3011,0.7777777777777778
Customer_2254,1.4444444444444444
Customer_4661,1.5555555555555556
Customer_800,0.6666666666666666
Customer_4478,0.7777777777777778
Customer_1405,1.7777777777777777
Customer_69,1.3333333333333333
Customer_4734,1.1111111111111112
Customer_1586,1.3333333333333333
Customer_3014,1.0
Customer_4619,1.0
Customer_1074,1.0
Customer_8248,1.4444444444444444
Customer_6925,0.7777777777777778
Customer_2692,1.1111111111111112
Customer_8275,0.4444444444444444
Customer_5067,1.3333333333333333
Customer_3279,1.0
Customer_5206,0.6666666666666666
Customer_3842,1.2222222222222223
Customer_2436,1.4444444444444444
Customer_7308,1.1111111111111112
Customer_8898,1.2222222222222223
Customer_4633,0.6666666666666666
Customer_477,1.6666666666666667
Customer_1329,0.1111111111111111
Customer_8804,0.7777777777777778
Customer_1777,0.7777777777777778
Customer_3078,1.2222222222222223
Customer_751,0.8888888888888888
Customer_4782,1.3333333333333333
Customer_6582,1.0
Customer_4985,1.2222222222222223
Customer_4997,1.4444444444444444
Customer_3169,1.3333333333333333
Customer_468,1.6666666666666667
Customer_1545,1.0
Customer_8464,1.2222222222222223
Customer_7975,0.4444444444444444
Customer_1025,0.7777777777777778
Customer_4228,0.4444444444444444
Customer_2465,1.4444444444444444
Customer_773,1.5555555555555556
Customer_6993,1.5555555555555556
Customer_7344,1.3333333333333333
Customer_5944,0.3333333333333333
Customer_641,1.2222222222222223
Customer_4438,0.3333333333333333
Customer_7380,0.2222222222222222
Customer_1108,0.8888888888888888
Customer_2399,1.4444444444444444
Customer_1420,0.1111111111111111
Customer_2970,1.4444444444444444
Customer_4814,1.2222222222222223
Customer_4054,0.3333333333333333
Customer_6459,0.7777777777777778
Customer_1680,0.5555555555555556
Customer_5641,0.3333333333333333
Customer_633,0.4444444444444444
Customer_7759,1.3333333333333333
Customer_6742,1.0
Customer_5593,1.2222222222222223
Customer_5071,0.5555555555555556
Customer_8406,1.3333333333333333
Customer_6206,0.4444444444444444
Customer_7302,0.6666666666666666
Customer_8442,1.8888888888888888
Customer_2943,0.5555555555555556
Customer_2252,0.8888888888888888
Customer_1172,0.6666666666666666
Customer_2960,2.0
Customer_2569,1.4444444444444444
Customer_7278,0.5555555555555556
Customer_8746,0.3333333333333333
Customer_8514,0.7777777777777778
Customer_5665,0.6666666666666666
Customer_2337,1.5555555555555556
Customer_6452,0.0
Customer_5790,1.6666666666666667
Customer_9018,0.5555555555555556
Customer_8040,1.1111111111111112
Customer_7711,1.3333333333333333
Customer_815,0.5555555555555556
Customer_2131,0.5555555555555556
Customer_7232,0.3333333333333333
Customer_2907,1.3333333333333333
Customer_3473,1.2222222222222223
Customer_6274,1.1111111111111112
Customer_6453,1.0
Customer_3245,0.7777777777777778
Customer_179,0.6666666666666666
Customer_8443,1.7777777777777777
Customer_3411,0.6666666666666666
Customer_7047,0.3333333333333333
Customer_4123,0.8888888888888888
Customer_1157,1.2222222222222223
Customer_6666,0.7777777777777778
Customer_1532,0.7777777777777778
Customer_8314,0.1111111111111111
Customer_1535,0.5555555555555556
Customer_8466,0.4444444444444444
Customer_4657,1.5555555555555556
Customer_2516,1.4444444444444444
Customer_5824,0.3333333333333333
Customer_6827,0.8888888888888888
Customer_6198,0.7777777777777778
Customer_7297,1.4444444444444444
Customer_1480,1.1111111111111112
Customer_4898,0.6666666666666666
Customer_8931,1.2222222222222223
Customer_9073,0.3333333333333333
Customer_3862,1.5555555555555556
Customer_1952,0.6666666666666666
Customer_7834,0.7777777777777778
Customer_4067,1.1111111111111112
Customer_1163,0.8888888888888888
Customer_7926,1.2222222222222223
Customer_9082,1.4444444444444444
Customer_7152,1.4444444444444444
Customer_3838,1.1111111111111112
Customer_6387,1.3333333333333333
Customer_3464,0.7777777777777778
Customer_1598,1.1111111111111112
Customer_5937,1.0
Customer_300,1.2222222222222223
Customer_3071,1.2222222222222223
Customer_4003,0.8888888888888888
Customer_8300,1.4444444444444444
Customer_7065,0.8888888888888888
Customer_2301,1.2222222222222223
Customer_1359,1.1111111111111112
Customer_6867,0.7777777777777778
Customer_2688,1.2222222222222223
Customer_7242,1.2222222222222223
Customer_486,0.8888888888888888
Customer_2664,1.4444444444444444
Customer_6027,0.6666666666666666
Customer_1152,1.3333333333333333
Customer_4453,0.5555555555555556
Customer_4046,1.8888888888888888
Customer_6497,0.7777777777777778
Customer_8861,1.1111111111111112
Customer_6899,0.3333333333333333
Customer_6050,1.4444444444444444
Customer_665,0.7777777777777778
Customer_2310,0.6666666666666666
Customer_6021,1.0
Customer_642,0.5555555555555556
Customer_176,0.6666666666666666
Customer_9051,1.4444444444444444
Customer_2362,0.6666666666666666
Customer_786,1.2222222222222223
Customer_5264,1.4444444444444444
Customer_8614,0.8888888888888888
Customer_8078,0.7777777777777778
Customer_91,0.7777777777777778
Customer_5485,0.7777777777777778
Customer_4738,0.8888888888888888
Customer_7387,1.1111111111111112
Customer_1971,1.0
Customer_530,1.1111111111111112
Customer_996,0.7777777777777778
Customer_2963,1.4444444444444444
Customer_4058,1.0
Customer_3000,0.8888888888888888
Customer_1427,1.0
Customer_8405,0.6666666666666666
Customer_7265,0.8888888888888888
Customer_6345,0.7777777777777778
Customer_7868,1.0
Customer_2997,0.8888888888888888
Customer_2471,0.7777777777777778
Customer_2883,0.7777777777777778
Customer_2724,0.6666666666666666
Customer_4055,0.7777777777777778
Customer_3281,0.8888888888888888
Customer_3025,1.4444444444444444
Customer_7205,0.6666666666666666
Customer_3936,1.4444444444444444
Customer_3815,1.0
Customer_694,0.3333333333333333
Customer_4710,1.5555555555555556
Customer_1738,1.0
Customer_167,0.3333333333333333
Customer_4101,0.8888888888888888
Customer_9015,0.5555555555555556
Customer_8134,0.7777777777777778
Customer_4772,0.7777777777777778
Customer_9029,0.3333333333333333
Customer_4510,1.4444444444444444
Customer_2755,1.3333333333333333
Customer_4950,0.6666666666666666
Customer_5815,1.4444444444444444
Customer_6608,0.0
Customer_3939,1.3333333333333333
Customer_6086,1.3333333333333333
Customer_6939,1.2222222222222223
Customer_5847,1.0
Customer_3660,0.7777777777777778
Customer_2223,1.4444444444444444
Customer_100,0.2222222222222222
Customer_6033,0.4444444444444444
Customer_6576,1.1111111111111112
Customer_3746,0.3333333333333333
Customer_2412,1.2222222222222223
Customer_5014,1.1111111111111112
Customer_8428,1.0
Customer_7323,0.7777777777777778
Customer_1465,0.8888888888888888
Customer_4103,0.4444444444444444
Customer_7748,1.3333333333333333
Customer_1744,0.4444444444444444
Customer_5321,1.3333333333333333
Customer_5040,1.1111111111111112
Customer_2446,1.6666666666666667
Customer_8316,1.1111111111111112
Customer_3060,1.0
Customer_8508,0.7777777777777778
Customer_4995,1.4444444444444444
Customer_5677,0.7777777777777778
Customer_5269,0.1111111111111111
Customer_8607,0.5555555555555556
Customer_2121,0.5555555555555556
Customer_5361,0.2222222222222222
Customer_7003,1.8888888888888888
Customer_7416,0.1111111111111111
Customer_3937,1.0
Customer_5012,0.8888888888888888
Customer_6392,0.4444444444444444
Customer_1203,1.7777777777777777
Customer_3405,0.4444444444444444
Customer_1926,1.4444444444444444
Customer_6076,1.1111111111111112
Customer_7774,1.0
Customer_4667,0.1111111111111111
Customer_4294,1.4444444444444444
Customer_2751,0.8888888888888888
Customer_4739,1.1111111111111112
Customer_4428,0.5555555555555556
Customer_805,1.3333333333333333
Customer_3593,1.3333333333333333
Customer_5651,1.5555555555555556
Customer_6458,0.6666666666666666
Customer_3889,1.3333333333333333
Customer_4035,1.3333333333333333
Customer_1242,0.8888888888888888
Customer_6022,0.8888888888888888
Customer_4603,1.1111111111111112
Customer_547,1.0
Customer_26,0.5555555555555556
Customer_4078,0.7777777777777778
Customer_3038,1.0
Customer_7964,1.5555555555555556
Customer_1302,1.1111111111111112
Customer_5674,0.5555555555555556
Customer_8301,0.8888888888888888
Customer_3142,0.8888888888888888
Customer_1221,1.7777777777777777
Customer_8389,1.0
Customer_437,1.2222222222222223
Customer_4932,1.0
Customer_8149,0.4444444444444444
Customer_6188,0.7777777777777778
Customer_4890,0.5555555555555556
Customer_7781,1.1111111111111112
Customer_8791,1.2222222222222223
Customer_7207,0.6666666666666666
Customer_3424,0.0
Customer_326,0.4444444444444444
Customer_1039,1.3333333333333333
Customer_4147,1.1111111111111112
Customer_8107,1.1111111111111112
Customer_1870,1.2222222222222223
Customer_2991,0.6666666666666666
Customer_534,1.3333333333333333
Customer_2855,0.5555555555555556
Customer_6081,1.3333333333333333
Customer_585,0.3333333333333333
Customer_9055,1.3333333333333333
Customer_1703,1.5555555555555556
Customer_5981,0.5555555555555556
Customer_4608,1.3333333333333333
Customer_491,1.4444444444444444
Customer_4639,0.8888888888888888
Customer_3145,0.5555555555555556
Customer_2266,1.5555555555555556
Customer_7662,1.1111111111111112
Customer_8482,0.5555555555555556
Customer_5028,0.8888888888888888
Customer_3033,1.1111111111111112
Customer_1916,0.5555555555555556
Customer_2449,0.6666666666666666
Customer_3501,1.0
Customer_5812,0.5555555555555556
Customer_3206,0.7777777777777778
Customer_3127,1.4444444444444444
Customer_3903,1.5555555555555556
Customer_397,0.3333333333333333
Customer_1317,1.3333333333333333
Customer_5473,0.7777777777777778
Customer_121,1.2222222222222223
Customer_8198,0.6666666666666666
Customer_1566,0.4444444444444444
Customer_1984,1.2222222222222223
Customer_7980,1.5555555555555556
Customer_2173,0.0
Customer_7942,0.7777777777777778
Customer_7476,0.8888888888888888
Customer_2333,1.6666666666666667
Customer_573,1.3333333333333333
Customer_4348,1.1111111111111112
Customer_8281,1.1111111111111112
Customer_3753,1.6666666666666667
Customer_3207,0.7777777777777778
Customer_1407,0.4444444444444444
Customer_535,0.5555555555555556
Customer_6913,1.6666666666666667
Customer_7156,0.0
Customer_1434,1.5555555555555556
Customer_2932,1.6666666666666667
Customer_1867,1.2222222222222223
Customer_1454,1.0
Customer_7211,0.6666666666666666
Customer_3950,0.2222222222222222
Customer_1820,1.5555555555555556
Customer_51,0.4444444444444444
Customer_6747,2.2222222222222223
Customer_4525,1.5555555555555556
Customer_469,0.8888888888888888
Customer_9062,1.5555555555555556
Customer_3350,0.3333333333333333
Customer_5684,1.1111111111111112
Customer_5129,1.6666666666666667
Customer_3019,1.2222222222222223
Customer_1858,1.0
Customer_7598,0.6666666666666666
Customer_865,1.1111111111111112
Customer_5961,1.4444444444444444
Customer_4032,0.5555555555555556
Customer_4395,1.2222222222222223
Customer_5167,0.0
Customer_3992,1.0
Customer_425,1.7777777777777777
Customer_188,1.2222222222222223
Customer_4745,1.2222222222222223
Customer_3153,1.2222222222222223
Customer_228,0.8888888888888888
Customer_4999,1.6666666666666667
Customer_1041,1.1111111111111112
Customer_3733,1.2222222222222223
Customer_3482,0.2222222222222222
Customer_4125,0.8888888888888888
Customer_1905,1.1111111111111112
Customer_8003,0.3333333333333333
Customer_801,1.1111111111111112
Customer_1487,0.2222222222222222
Customer_7200,0.5555555555555556
Customer_3465,1.0
Customer_1128,1.3333333333333333
Customer_7954,1.2222222222222223
Customer_5875,0.5555555555555556
Customer_2208,1.0
Customer_3007,0.6666666666666666
Customer_8047,0.7777777777777778
Customer_2945,1.1111111111111112
Customer_4411,1.3333333333333333
Customer_5491,1.2222222222222223
Customer_8764,1.3333333333333333
Customer_2144,0.7777777777777778
Customer_6117,1.2222222222222223
Customer_4174,0.8888888888888888
Customer_1632,1.2222222222222223
Customer_3202,1.0
Customer_8543,0.3333333333333333
Customer_156,1.0
Customer_3031,1.3333333333333333
Customer_8119,1.4444444444444444
Customer_3661,1.1111111111111112
Customer_8087,1.6666666666666667
Customer_4562,0.6666666666666666
Customer_2485,0.0
Customer_6455,0.6666666666666666
Customer_5843,1.8888888888888888
Customer_2372,0.6666666666666666
Customer_8771,1.3333333333333333
Customer_4767,1.4444444444444444
Customer_7822,1.0
Customer_8227,0.3333333333333333
Customer_2885,1.4444444444444444
Customer_7443,1.1111111111111112
Customer_6690,0.5555555555555556
Customer_847,0.6666666666666666
Customer_7743,1.4444444444444444
Customer_7528,0.7777777777777778
Customer_6637,0.8888888888888888
Customer_8879,0.3333333333333333
Customer_756,1.4444444444444444
Customer_8349,1.3333333333333333
Customer_5369,1.7777777777777777
Customer_8333,0.7777777777777778
Customer_4416,1.3333333333333333
Customer_8366,1.2222222222222223
Customer_9046,1.1111111111111112
Customer_2061,1.2222222222222223
Customer_549,0.7777777777777778
Customer_3070,1.2222222222222223
Customer_7848,1.3333333333333333
Customer_8864,0.8888888888888888
Customer_6463,1.1111111111111112
Customer_4273,1.5555555555555556
Customer_2879,1.5555555555555556
Customer_1259,1.5555555555555556
Customer_6511,0.8888888888888888
Customer_4241,0.7777777777777778
Customer_6578,1.4444444444444444
Customer_1024,0.4444444444444444
Customer_752,0.8888888888888888
Customer_3098,1.4444444444444444
Customer_8055,0.5555555555555556
Customer_1951,1.6666666666666667
Customer_4112,1.1111111111111112
Customer_351,0.7777777777777778
Customer_1511,0.4444444444444444
Customer_6771,1.2222222222222223
Customer_3322,1.0
Customer_9053,1.3333333333333333
Customer_701,1.0
Customer_2534,1.2222222222222223
Customer_2644,0.8888888888888888
Customer_561,0.8888888888888888
Customer_2318,0.1111111111111111
Customer_8037,1.1111111111111112
Customer_6336,0.8888888888888888
Customer_8896,0.8888888888888888
Customer_8723,0.6666666666666666
Customer_8594,0.2222222222222222
Customer_1047,1.0
Customer_3781,1.1111111111111112
Customer_414,0.2222222222222222
Customer_3710,1.0
Customer_5288,1.1111111111111112
Customer_8836,0.8888888888888888
Customer_4753,0.4444444444444444
Customer_7336,1.2222222222222223
Customer_1469,0.7777777777777778
Customer_4838,0.7777777777777778
Customer_4022,1.1111111111111112
Customer_7767,0.5555555555555556
Customer_2271,1.4444444444444444
Customer_1583,1.4444444444444444
Customer_1412,0.6666666666666666
Customer_6322,1.5555555555555556
Customer_5391,0.8888888888888888
Customer_1722,0.8888888888888888
Customer_3077,0.6666666666666666
Customer_3459,0.4444444444444444
Customer_1507,1.3333333333333333
Customer_4372,0.8888888888888888
Customer_8330,1.1111111111111112
Customer_1321,1.3333333333333333
Customer_842,0.8888888888888888
Customer_1146,1.5555555555555556
Customer_7373,1.3333333333333333
Customer_8199,1.2222222222222223
Customer_463,1.2222222222222223
Customer_1754,1.4444444444444444
Customer_9050,1.4444444444444444
Customer_8221,1.0
Customer_8637,0.8888888888888888
Customer_4011,1.2222222222222223
Customer_8556,0.6666666666666666
Customer_5226,0.5555555555555556
Customer_378,1.6666666666666667
Customer_8644,0.3333333333333333
Customer_1335,0.6666666666666666
Customer_1223,1.4444444444444444
Customer_4763,0.6666666666666666
Customer_3161,0.8888888888888888
Customer_1350,0.2222222222222222
Customer_7272,0.6666666666666666
Customer_1811,1.3333333333333333
Customer_3467,1.2222222222222223
Customer_1351,1.2222222222222223
Customer_7590,0.7777777777777778
Customer_1894,0.2222222222222222
Customer_5492,1.1111111111111112
Customer_3185,0.5555555555555556
Customer_2673,1.2222222222222223
Customer_4196,0.4444444444444444
Customer_8401,0.3333333333333333
Customer_4607,1.2222222222222223
Customer_1189,0.5555555555555556
Customer_3647,1.0
Customer_898,1.1111111111111112
Customer_8923,0.7777777777777778
Customer_8446,1.0
Customer_3043,0.5555555555555556
Customer_3945,0.5555555555555556
Customer_2762,0.8888888888888888
Customer_8178,1.7777777777777777
Customer_2715,1.2222222222222223
Customer_8186,1.0
Customer_7931,1.6666666666666667
Customer_4773,1.0
Customer_1030,1.1111111111111112
Customer_8212,0.7777777777777778
Customer_6100,0.4444444444444444
Customer_7548,1.4444444444444444
Customer_2908,1.1111111111111112
Customer_1755,0.6666666666666666
Customer_2886,1.0
Customer_231,0.4444444444444444
Customer_6304,1.0
Customer_2840,1.2222222222222223
Customer_4518,1.1111111111111112
Customer_6323,0.5555555555555556
Customer_7593,1.2222222222222223
Customer_3717,0.7777777777777778
Customer_2592,0.7777777777777778
Customer_2317,0.8888888888888888
Customer_3912,0.8888888888888888
Customer_1515,1.1111111111111112
Customer_216,1.1111111111111112
Customer_8267,0.6666666666666666
Customer_2263,0.8888888888888888
Customer_8845,0.7777777777777778
Customer_5798,0.4444444444444444
Customer_7531,1.0
Customer_893,1.1111111111111112
Customer_3068,0.7777777777777778
Customer_1850,0.4444444444444444
Customer_9074,1.4444444444444444
Customer_6914,0.7777777777777778
Customer_324,1.8888888888888888
Customer_1215,0.6666666666666666
Customer_6579,1.4444444444444444
Customer_6814,0.7777777777777778
Customer_1129,1.4444444444444444
Customer_3688,0.7777777777777778
Customer_3973,0.8888888888888888
Customer_4398,0.7777777777777778
Customer_208,0.4444444444444444
Customer_6153,1.3333333333333333
Customer_798,0.0
Customer_8309,0.5555555555555556
Customer_734,1.2222222222222223
Customer_5940,1.3333333333333333
Customer_2917,0.1111111111111111
Customer_1174,0.2222222222222222
Customer_3544,0.8888888888888888
Customer_4829,1.1111111111111112
Customer_1831,1.2222222222222223
Customer_6606,0.5555555555555556
Customer_7897,1.5555555555555556
Customer_6526,1.1111111111111112
Customer_8957,1.3333333333333333
Customer_198,1.1111111111111112
Customer_6419,1.7777777777777777
Customer_4705,0.3333333333333333
Customer_1097,1.3333333333333333
Customer_548,1.3333333333333333
Customer_7886,0.8888888888888888
Customer_3105,1.6666666666666667
Customer_4922,1.0
Customer_7117,1.1111111111111112
Customer_4689,1.7777777777777777
Customer_2314,1.6666666666666667
Customer_5504,1.3333333333333333
Customer_5697,1.0
Customer_4906,0.5555555555555556
Customer_2825,0.4444444444444444
Customer_6788,0.8888888888888888
Customer_6505,0.4444444444444444
Customer_616,0.6666666666666666
Customer_1118,1.3333333333333333
Customer_937,1.2222222222222223
Customer_2572,1.2222222222222223
Customer_622,1.6666666666666667
Customer_6921,0.7777777777777778
Customer_7457,0.7777777777777778
Customer_3295,1.6666666666666667
Customer_7953,1.0
Customer_7379,0.7777777777777778
Customer_8809,1.1111111111111112
Customer_5722,1.0
Customer_4913,1.2222222222222223
Customer_3617,1.4444444444444444
Customer_2201,1.7777777777777777
Customer_1160,1.4444444444444444
Customer_7802,1.1111111111111112
Customer_8851,0.8888888888888888
Customer_5165,1.2222222222222223
Customer_2876,0.1111111111111111
Customer_478,0.5555555555555556
Customer_1352,1.2222222222222223
Customer_3721,1.5555555555555556
Customer_8355,1.1111111111111112
Customer_2647,1.5555555555555556
Customer_7246,0.5555555555555556
Customer_2948,1.2222222222222223
Customer_4240,0.8888888888888888
Customer_6556,0.8888888888888888
Customer_1033,0.7777777777777778
Customer_7540,0.8888888888888888
Customer_6698,1.1111111111111112
Customer_2598,0.8888888888888888
Customer_3834,1.3333333333333333
Customer_7020,0.8888888888888888
Customer_3298,1.7777777777777777
Customer_3080,1.3333333333333333
Customer_4830,1.0
Customer_5780,0.8888888888888888
Customer_3509,1.3333333333333333
Customer_1425,1.6666666666666667
Customer_6962,0.7777777777777778
Customer_1871,0.3333333333333333
Customer_480,1.2222222222222223
Customer_8766,0.5555555555555556
Customer_5529,0.7777777777777778
Customer_527,0.4444444444444444
Customer_8182,0.8888888888888888
Customer_4237,0.6666666666666666
Customer_7288,0.5555555555555556
Customer_220,0.6666666666666666
Customer_8383,0.8888888888888888
Customer_4575,0.6666666666666666
Customer_7399,1.1111111111111112
Customer_7533,0.5555555555555556
Customer_3003,1.4444444444444444
Customer_8336,1.1111111111111112
Customer_5398,1.4444444444444444
Customer_8690,1.5555555555555556
Customer_2868,0.6666666666666666
Customer_5818,1.3333333333333333
Customer_5792,0.8888888888888888
Customer_2391,0.7777777777777778
Customer_6244,1.3333333333333333
Customer_8647,1.2222222222222223
Customer_1983,0.6666666666666666
Customer_9067,0.6666666666666666
Customer_1554,1.3333333333333333
Customer_8299,1.0
Customer_3210,0.5555555555555556
Customer_4191,1.2222222222222223
Customer_6378,1.4444444444444444
Customer_3653,0.6666666666666666
Customer_1677,1.3333333333333333
Customer_3085,1.4444444444444444
Customer_4332,1.6666666666666667
Customer_901,1.4444444444444444
Customer_5899,1.2222222222222223
Customer_2296,0.8888888888888888
Customer_6990,1.1111111111111112
Customer_296,1.1111111111111112
Customer_7851,0.6666666666666666
Customer_57,0.3333333333333333
Customer_5987,0.3333333333333333
Customer_5303,0.4444444444444444
Customer_7183,0.4444444444444444
Customer_5527,1.2222222222222223
Customer_2676,0.8888888888888888
Customer_6682,1.0
Customer_5544,0.0
Customer_2753,1.2222222222222223
Customer_6332,1.6666666666666667
Customer_295,0.8888888888888888
Customer_2580,1.3333333333333333
Customer_6107,0.6666666666666666
Customer_5711,0.8888888888888888
Customer_648,1.2222222222222223
Customer_1370,1.2222222222222223
Customer_9000,0.7777777777777778
Customer_5785,1.5555555555555556
Customer_4271,2.111111111111111
Customer_7923,0.0
Customer_5633,1.2222222222222223
Customer_8432,0.8888888888888888
Customer_681,0.7777777777777778
